username,email,first_name,last_name
anna_kovalenko,anna.kovalenko@gmail.com,Anna,Kovalenko
maksim_petrov,maksim.petrov@yandex.com,Maksim,Petrov
olga_smirnova,olga.smirnova@mail.ru,Olga,Smirnova
dmitry_ivanov,dmitry.ivanov@outlook.com,Dmitry,Ivanov
elena_morozova,elena.morozova@gmail.com,Elena,Morozova
sergey_kuznetsov,sergey.kuznetsov@yandex.com,Sergey,Kuznetsov
natalia_popova,natalia.popova@mail.ru,Natalia,Popova
alexey_sokolov,alexey.sokolov@gmail.com,Alexey,Sokolov
marina_volkova,marina.volkova@outlook.com,Marina,Volkova
ivan_fedorov,ivan.fedorov@yandex.com,Ivan,Fedorov
ksenia_mikhailova,ksenia.mikhailova@gmail.com,Ksenia,Mikhailova
andrey_zaitsev,andrey.zaitsev@mail.ru,Andrey,Zaitsev
yulia_novikova,yulia.novikova@gmail.com,Yulia,Novikova
pavel_morozov,pavel.morozov@yandex.com,Pavel,Morozov
tatiana_egorova,tatiana.egorova@outlook.com,Tatiana,Egorova
vladimir_smirnov,vladimir.smirnov@gmail.com,Vladimir,Smirnov
ekaterina_romanova,ekaterina.romanova@mail.ru,Ekaterina,Romanova
mikhail_levin,mikhail.levin@yandex.com,Mikhail,Levin
sofia_koval,sofia.koval@gmail.com,Sofia,Koval
roman_petrov,roman.petrov@outlook.com,Roman,Petrov
anastasia_sidorova,anastasia.sidorova@gmail.com,Anastasia,Sidorova
igor_kuzmin,igor.kuzmin@yandex.com,Igor,Kuzmin
veronika_melnikova,veronika.melnikova@mail.ru,Veronika,Melnikova
denis_orlov,denis.orlov@gmail.com,Denis,Orlov
alina_koroleva,alina.koroleva@outlook.com,Alina,Koroleva
nikolay_belov,nikolay.belov@yandex.com,Nikolay,Belov
svetlana_kovalenko,svetlana.kovalenko@gmail.com,Svetlana,Kovalenko
anton_smirnov,anton.smirnov@mail.ru,Anton,Smirnov
maria_ivanova,maria.ivanova@gmail.com,Maria,Ivanova
viktor_popov,viktor.popov@yandex.com,Viktor,Popov
irina_sokolova,irina.sokolova@outlook.com,Irina,Sokolova
evgeny_morozov,evgeny.morozov@gmail.com,Evgeny,Morozov
olga_kuznetsova,olga.kuznetsova@mail.ru,Olga,Kuznetsova
alexandr_volkov,alexandr.volkov@yandex.com,Alexandr,Volkov
daria_fedorova,daria.fedorova@gmail.com,Daria,Fedorova
sergey_romanenko,sergey.romanenko@outlook.com,Sergey,Romanenko
nina_mikhailova,nina.mikhailova@gmail.com,Nina,Mikhailova
vladislav_zaitsev,vladislav.zaitsev@yandex.com,Vladislav,Zaitsev
yana_novikova,yana.novikova@mail.ru,Yana,Novikova
dmitry_egorov,dmitry.egorov@gmail.com,Dmitry,Egorov
elena_popova,elena.popova@outlook.com,Elena,Popova
maksim_smirnov,maksim.smirnov@gmail.com,Maksim,Smirnov
anna_volkova,anna.volkova@yandex.com,Anna,Volkova
ivan_kuzmin,ivan.kuzmin@mail.ru,Ivan,Kuzmin
ksenia_orlova,ksenia.orlova@gmail.com,Ksenia,Orlova
andrey_korolev,andrey.korolev@outlook.com,Andrey,Korolev
tatiana_belova,tatiana.belova@yandex.com,Tatiana,Belova
vladimir_ivanov,vladimir.ivanov@gmail.com,Vladimir,Ivanov
sofia_sidorova,sofia.sidorova@mail.ru,Sofia,Sidorova
roman_melnikov,roman.melnikov@yandex.com,Roman,Melnikov
