username,email
anna_kovalenko,anna.kovalenko@gmail.com
maksim_petrov,maksim.petrov@yandex.com
olga_smirnova,olga.smirnova@mail.ru
dmitry_ivanov,dmitry.ivanov@outlook.com
elena_morozova,elena.morozova@gmail.com
sergey_kuznetsov,sergey.kuznetsov@yandex.com
natalia_popova,natalia.popova@mail.ru
alexey_sokolov,alexey.sokolov@gmail.com
marina_volkova,marina.volkova@outlook.com
ivan_fedorov,ivan.fedorov@yandex.com
ksenia_mikhailova,ksenia.mikhailova@gmail.com
andrey_zaitsev,andrey.zaitsev@mail.ru
yulia_novikova,yulia.novikova@gmail.com
pavel_morozov,pavel.morozov@yandex.com
tatiana_egorova,tatiana.egorova@outlook.com
vladimir_smirnov,vladimir.smirnov@gmail.com
ekaterina_romanova,ekaterina.romanova@mail.ru
mikhail_levin,mikhail.levin@yandex.com
sofia_koval,sofia.koval@gmail.com
roman_petrov,roman.petrov@outlook.com
anastasia_sidorova,anastasia.sidorova@gmail.com
igor_kuzmin,igor.kuzmin@yandex.com
veronika_melnikova,veronika.melnikova@mail.ru
denis_orlov,denis.orlov@gmail.com
alina_koroleva,alina.koroleva@outlook.com
nikolay_belov,nikolay.belov@yandex.com
svetlana_kovalenko,svetlana.kovalenko@gmail.com
anton_smirnov,anton.smirnov@mail.ru
maria_ivanova,maria.ivanova@gmail.com
viktor_popov,viktor.popov@yandex.com
irina_sokolova,irina.sokolova@outlook.com
evgeny_morozov,evgeny.morozov@gmail.com
olga_kuznetsova,olga.kuznetsova@mail.ru
alexandr_volkov,alexandr.volkov@yandex.com
daria_fedorova,daria.fedorova@gmail.com
sergey_romanenko,sergey.romanenko@outlook.com
nina_mikhailova,nina.mikhailova@gmail.com
vladislav_zaitsev,vladislav.zaitsev@yandex.com
yana_novikova,yana.novikova@mail.ru
dmitry_egorov,dmitry.egorov@gmail.com
elena_popova,elena.popova@outlook.com
maksim_smirnov,maksim.smirnov@gmail.com
anna_volkova,anna.volkova@yandex.com
ivan_kuzmin,ivan.kuzmin@mail.ru
ksenia_orlova,ksenia.orlova@gmail.com
andrey_korolev,andrey.korolev@outlook.com
tatiana_belova,tatiana.belova@yandex.com
vladimir_ivanov,vladimir.ivanov@gmail.com
sofia_sidorova,sofia.sidorova@mail.ru
roman_melnikov,roman.melnikov@yandex.com
